Nationalitätszeichen,Unterscheidungszeichen,StadtOderKreis,Herleitung,Bundesland.Name,Bundesland.Iso3166-2,Fußnoten,Bemerkung,KI-Text,gespeichert
D,A,Augsburg,Augsburg,Bayern,DE-BY,1,,,nein
D,AA,Ostalbkreis,AAlen,Baden-Württemberg,DE-BW,,,,nein
D,AB,Aschaffenburg,AschaffenBurg,Bayern,DE-BY,1,,,nein
D,ABG,Altenburger Land,AltenBurG,Thüringen,DE-TH,,,,nein
D,ABI,Anhalt-Bitterfeld,Anhalt-BItterfeld,Sachsen-Anhalt,DE-ST,,,,nein
D,AC,Aachen,AaChen,Nordrhein-Westfalen,DE-NW,,,,nein
D,AE,Vogtlandkreis,AuErbach,Sachsen,DE-SN,,,,nein
D,AH,Borken,AHaus,Nordrhein-Westfalen,DE-NW,,,,nein
D,AIB,"München, Rosenheim",AIBling,Bayern,DE-BY,3,,,nein
D,AIC,Aichach-Friedberg,AIChach,Bayern,DE-BY,,,,nein
D,AK,Altenkirchen (Westerwald),AltenKirchen,Rheinland-Pfalz,DE-RP,,,,nein
D,ALF,Hildesheim,ALFeld,Niedersachsen,DE-NI,,,,nein
D,ALZ,Aschaffenburg,ALZenau,Bayern,DE-BY,,,,nein
D,AM,"Amberg, Stadt",AMberg,Bayern,DE-BY,1,"auslaufend Kreis, Abwicklung: Zulassungsbehörde Kreis Amberg-Sulzbach",,nein
D,AN,Ansbach,ANsbach,Bayern,DE-BY,1,,,nein
D,ANA,Erzgebirgskreis,ANnAberg,Sachsen,DE-SN,,,,nein
D,ANG,Uckermark,ANGermünde,Brandenburg,DE-BB,,,,nein
D,ANK,Vorpommern-Greifswald,ANKlam,Mecklenburg-Vorpommern,DE-MV,,,,nein
D,AP,Weimarer Land,APolda,Thüringen,DE-TH,,,,nein
D,APD,Weimarer Land,APolDa,Thüringen,DE-TH,,,,nein
D,ARN,Ilm-Kreis,ARNstadt,Thüringen,DE-TH,,,,nein
D,ART,Kyffhäuserkreis,ARTern,Thüringen,DE-TH,,,,nein
D,AS,Amberg-Sulzbach,"Amberg, Sulzbach",Bayern,DE-BY,,,,nein
D,ASL,Salzlandkreis,ASchersLeben,Sachsen-Anhalt,DE-ST,,,,nein
D,ASZ,Erzgebirgskreis,"Aue, SchwarZenberg",Sachsen,DE-SN,,,,nein
D,AT,Mecklenburgische Seenplatte,AltenTreptow,Mecklenburg-Vorpommern,DE-MV,,,,nein
D,AU,Erzgebirgskreis,AUe,Sachsen,DE-SN,,,,nein
D,AUR,Aurich,AURich,Niedersachsen,DE-NI,,,,nein
D,AW,Ahrweiler,AhrWeiler,Rheinland-Pfalz,DE-RP,,,,nein
D,AZ,Alzey-Worms,AlZey,Rheinland-Pfalz,DE-RP,,,,nein
D,AZE,Anhalt-Bitterfeld,Landkreis Anhalt-ZErbst (bis 2007),Sachsen-Anhalt,DE-ST,,,,nein
D,AÖ,Altötting,AltÖtting,Bayern,DE-BY,,,,nein
D,B,Berlin,Berlin,Berlin,DE-BE,,,,nein
D,BA,Bamberg,BAmberg,Bayern,DE-BY,1,,,nein
D,BAD,"Baden-Baden, Stadt",BADen-Baden,Baden-Württemberg,DE-BW,,,,nein
D,BAR,Barnim,BARnim,Brandenburg,DE-BB,,,,nein
D,BB,Böblingen,BöBlingen,Baden-Württemberg,DE-BW,,,,nein
D,BBG,Salzlandkreis,BernBurG,Sachsen-Anhalt,DE-ST,,,,nein
D,BC,Biberach,BiberaCh,Baden-Württemberg,DE-BW,,,,nein
D,BCH,Neckar-Odenwald-Kreis,BuCHen,Baden-Württemberg,DE-BW,,,,nein
D,BE,Warendorf,BEckum,Nordrhein-Westfalen,DE-NW,,,,nein
D,BED,Mittelsachsen,Brand-ErbisDorf,Sachsen,DE-SN,,,,nein
D,BER,Barnim,BERnau,Brandenburg,DE-BB,,,,nein
D,BF,Steinfurt,BurgsteinFurt,Nordrhein-Westfalen,DE-NW,,,,nein
D,BGD,Berchtesgadener Land,BerchtesGaDen,Bayern,DE-BY,,,,nein
D,BGL,Berchtesgadener Land,BerchtesGadener Land,Bayern,DE-BY,,,,nein
D,BH,"Ortenaukreis, Raststatt",BüHl,Baden-Württemberg,DE-BW,,,,nein
D,BI,"Bielefeld, Stadt",BIelefeld,Nordrhein-Westfalen,DE-NW,,,,nein
D,BID,Marburg-Biedenkopf,BIeDenkopf,Hessen,DE-HE,,,,nein
D,BIN,Mainz-Bingen,BINgen,Rheinland-Pfalz,DE-RP,,,,nein
D,BIR,Birkenfeld,BIRkenfeld,Rheinland-Pfalz,DE-RP,,,,nein
D,BIT,Eifelkreis Bitburg-Prüm,BITburg,Rheinland-Pfalz,DE-RP,,,,nein
D,BIW,Bautzen,BIschofsWerda,Sachsen,DE-SN,,,,nein
D,BK,"Börde, Rems-Murr-Kreis, Schwäbisch Hall",BacKnang,Baden-Württemberg,DE-BW,7,,,nein
D,BKS,Bernkastel-Wittlich,BernKaStel,Rheinland-Pfalz,DE-RP,,,,nein
D,BL,Zollernalbkreis,BaLingen,Baden-Württemberg,DE-BW,,,,nein
D,BLB,Siegen-Wittgenstein,BerLeBurg,Nordrhein-Westfalen,DE-NW,,,,nein
D,BLK,Burgenlandkreis,BurgenLandKreis,Sachsen-Anhalt,DE-ST,,,,nein
D,BM,Rhein-Erft-Kreis,BergheiM,Nordrhein-Westfalen,DE-NW,,,,nein
D,BN,"Bonn, Stadt",BonN,Nordrhein-Westfalen,DE-NW,,,,nein
D,BNA,Leipzig,BorNA,Sachsen,DE-SN,,,,nein
D,BO,"Bochum, Stadt",BOchum,Nordrhein-Westfalen,DE-NW,,,,nein
D,BOG,Straubing-Bogen,BOGen,Bayern,DE-BY,,,,nein
D,BOH,Borken,BOcHolt,Nordrhein-Westfalen,DE-NW,,,,nein
D,BOR,Borken,BORken,Nordrhein-Westfalen,DE-NW,,,,nein
D,BOT,"Bottrop, Stadt",BOTtrop,Nordrhein-Westfalen,DE-NW,,,,nein
D,BRA,Wesermarsch,BRAke,Niedersachsen,DE-NI,,,,nein
D,BRB,"Brandenburg, Stadt",BRandenBurg,Brandenburg,DE-BB,,"auslaufend Kreis, Abwicklung: Zulassungsbehörde Kreis Potsdam-Mittelmark",,nein
D,BRG,Jerichower Land,BuRG,Sachsen-Anhalt,DE-ST,,,,nein
D,BRK,Bad Kissingen,BRücKenau,Bayern,DE-BY,,,,nein
D,BRL,Goslar,BRaunLage,Niedersachsen,DE-NI,,,,nein
D,BRV,Rotenburg (Wümme),BRemerVörde,Niedersachsen,DE-NI,,,,nein
D,BS,"Braunschweig, Stadt",BraunSchweig,Niedersachsen,DE-NI,,,,nein
D,BSB,Osnabrück,BerSenBrück,Niedersachsen,DE-NI,,,,nein
D,BSK,Oder-Spree,BeeSKow,Brandenburg,DE-BB,,,,nein
D,BT,Bayreuth,BayreuTh,Bayern,DE-BY,1,,,nein
D,BTF,Anhalt-Bitterfeld,BitTerFeld,Sachsen-Anhalt,DE-ST,,,,nein
D,BUL,"Amberg-Sulzbach, Schwandorf",BUrgLengenfeld,Bayern,DE-BY,3,,,nein
D,BZ,Bautzen,BautZen,Sachsen,DE-SN,,,,nein
D,BÖ,Börde,BÖrde,Sachsen-Anhalt,DE-ST,,,,nein
D,BÜD,Wetteraukreis,BÜDingen,Hessen,DE-HE,,,,nein
D,BÜR,Paderborn,BÜRen,Nordrhein-Westfalen,DE-NW,,,,nein
D,BÜS,"Konstanz, Gemeinde Büsingen am Hochrhein",BÜSingen,Baden-Württemberg,DE-BW,,,,nein
D,BÜZ,"Rostock, Landkreis",BÜtZow,Mecklenburg-Vorpommern,DE-MV,,,,nein
D,C,"Chemnitz, Stadt",Chemnitz,Sachsen,DE-SN,,"auslaufend Kreis, Abwicklung: Zulassungsbehörde Zwickau",,nein
D,CA,Oberspreewald-Lausitz,CAlau,Brandenburg,DE-BB,,,,nein
D,CAS,Recklinghausen,CAStrop,Nordrhein-Westfalen,DE-NW,,,,nein
D,CB,"Cottbus, Stadt",CottBus,Brandenburg,DE-BB,,"auslaufend Kreis, Abwicklung: Zulassungsbehörde Spree-Neiße",,nein
D,CE,Celle,CElle,Niedersachsen,DE-NI,,,,nein
D,CHA,Cham,CHAm,Bayern,DE-BY,,,,nein
D,CLP,Cloppenburg,CLopPenburg,Niedersachsen,DE-NI,,,,nein
D,CLZ,Goslar,CLausthal-Zellerfeld,Niedersachsen,DE-NI,,,,nein
D,CO,"Zulassungsstelle Coburg, Zweckverband",COburg,Bayern,DE-BY,,,,nein
D,COC,Cochem-Zell,COChem,Rheinland-Pfalz,DE-RP,,,,nein
D,COE,Coesfeld,COEsfeld,Nordrhein-Westfalen,DE-NW,,,,nein
D,CR,Schwäbisch Hall,CRailsheim,Baden-Württemberg,DE-BW,,,,nein
D,CUX,Cuxhaven,CUXhaven,Niedersachsen,DE-NI,,,,nein
D,CW,Calw,CalW,Baden-Württemberg,DE-BW,,,,nein
D,D,"Düsseldorf, Stadt",Düsseldorf,Nordrhein-Westfalen,DE-NW,,,,nein
D,DA,Darmstadt,DArmstadt,Hessen,DE-HE,2,,,nein
D,DAH,Dachau,DAcHau,Bayern,DE-BY,,,,nein
D,DAN,Lüchow-Dannenberg,DANnenberg,Niedersachsen,DE-NI,,,,nein
D,DAU,Vulkaneifel,DAUn,Rheinland-Pfalz,DE-RP,,,,nein
D,DBR,"Rostock, Landkreis",DoBeRan,Mecklenburg-Vorpommern,DE-MV,,,,nein
D,DD,"Dresden, Stadt",DresDen,Sachsen,DE-SN,5,,,nein
D,DE,"Dessau-Roßlau, Stadt",DEssau,Sachsen-Anhalt,DE-ST,,,,nein
D,DEG,Deggendorf,DEGgendorf,Bayern,DE-BY,,,,nein
D,DEL,"Delmenhorst, Stadt",DELmenhorst,Niedersachsen,DE-NI,,,,nein
D,DGF,Dingolfing-Landau,DinGolFing,Bayern,DE-BY,,,,nein
D,DH,Diepholz,DiepHolz,Niedersachsen,DE-NI,,,,nein
D,DI,Darmstadt-Dieburg,DIeburg,Hessen,DE-HE,,,,nein
D,DIL,Lahn-Dill-Kreis,DILlenburg,Hessen,DE-HE,,,,nein
D,DIN,Wesel,DINslaken,Nordrhein-Westfalen,DE-NW,,,,nein
D,DIZ,Rhein-Lahn-Kreis,DIeZ,Rheinland-Pfalz,DE-RP,,,,nein
D,DKB,Ansbach,DinKelsBühl,Bayern,DE-BY,,,,nein
D,DL,Mittelsachsen,DöbeLn,Sachsen,DE-SN,,,,nein
D,DLG,Dillingen an der Donau,DilLinGen,Bayern,DE-BY,,,,nein
D,DM,Mecklenburgische Seenplatte,DemMin,Mecklenburg-Vorpommern,DE-MV,,,,nein
D,DN,Düren,DüreN,Nordrhein-Westfalen,DE-NW,,,,nein
D,DO,"Dortmund, Stadt",DOrtmund,Nordrhein-Westfalen,DE-NW,,,,nein
D,DON,Donau-Ries in Donauwörth,DONauwörth,Bayern,DE-BY,,,,nein
D,DS,Schwarzwald-Baar-Kreis,DonaueSchingen,Baden-Württemberg,DE-BW,,,,nein
D,DU,"Duisburg, Stadt",DUisburg,Nordrhein-Westfalen,DE-NW,,,,nein
D,DUD,Göttingen,DUDerstadt,Niedersachsen,DE-NI,,,,nein
D,DW,Sächsische Schweiz-Osterzgebirge,DippoldisWalde,Sachsen,DE-SN,,,,nein
D,DZ,Nordsachsen,DelitZsch,Sachsen,DE-SN,,,,nein
D,DÜW,Bad Dürkheim,DÜrkheim an der Weinstraße,Rheinland-Pfalz,DE-RP,,,,nein
D,E,"Essen, Stadt",Essen,Nordrhein-Westfalen,DE-NW,,,,nein
D,EA,Wartburgkreis,EisenAch,Thüringen,DE-TH,,,,nein
D,EB,Nordsachsen,EilenBurg,Sachsen,DE-SN,,,,nein
D,EBE,Ebersberg,EBErsberg,Bayern,DE-BY,,,,nein
D,EBN,Haßberge,EBerN,Bayern,DE-BY,,,,nein
D,EBS,"Bayreuth, Forchheim, Kulmbach",EBermannStadt,Bayern,DE-BY,3,,,nein
D,ECK,Rendsburg-Eckernförde,ECKernförde,Schleswig-Holstein,DE-SH,,,,nein
D,ED,Erding,ErDing,Bayern,DE-BY,,,,nein
D,EE,Elbe-Elster,"Elbe, Elster",Brandenburg,DE-BB,,,,nein
D,EF,"Erfurt, Stadt",ErFurt,Thüringen,DE-TH,,"auslaufend Kreis, Abwicklung: Zulassungsbehörde Sömmerda",,nein
D,EG,Rottal-Inn,EGgenfelden,Bayern,DE-BY,,,,nein
D,EH,Oder-Spree,EisenHüttenstadt,Brandenburg,DE-BB,,,,nein
D,EI,Eichstätt,EIchstätt,Bayern,DE-BY,,,,nein
D,EIC,Eichsfeld,EIChsfeld,Thüringen,DE-TH,,,,nein
D,EIL,Mansfeld-Südharz,EIsLeben,Sachsen-Anhalt,DE-ST,,,,nein
D,EIN,Northeim,EINbeck,Niedersachsen,DE-NI,,,,nein
D,EIS,Saale-Holzland-Kreis,EISenberg,Thüringen,DE-TH,,,,nein
D,EL,Emsland,EmsLand,Niedersachsen,DE-NI,,,,nein
D,EM,Emmendingen,EMmendingen,Baden-Württemberg,DE-BW,,,,nein
D,EMD,"Emden, Stadt",EMDen,Niedersachsen,DE-NI,,,,nein
D,EMS,Rhein-Lahn-Kreis,EMS,Rheinland-Pfalz,DE-RP,,,,nein
D,EN,Ennepe-Ruhr-Kreis,ENnepe,Nordrhein-Westfalen,DE-NW,,,,nein
D,ER,"Erlangen, Stadt",ERlangen,Bayern,DE-BY,1,"auslaufend Kreis, Abwicklung: Zulassungsbehörde Erlangen-Höchstadt",,nein
D,ERB,Odenwaldkreis,ERBach,Hessen,DE-HE,,,,nein
D,ERH,Erlangen-Höchstadt,"ERlangen, Höchstadt",Bayern,DE-BY,,,,nein
D,ERK,Heinsberg,ERKelenz,Nordrhein-Westfalen,DE-NW,,,,nein
D,ERZ,Erzgebirgskreis,ERZgebirge,Sachsen,DE-SN,,,,nein
D,ES,Esslingen,ESslingen,Baden-Württemberg,DE-BW,,,,nein
D,ESB,"Amberg-Sulzbach, Bayreuth, Neustadt a. d. Waldnaab, Nürnberger Land",ESchenBach,Bayern,DE-BY,3,,,nein
D,ESW,Werra-Meißner-Kreis,ESchWege,Hessen,DE-HE,,,,nein
D,EU,Euskirchen,EUskirchen,Nordrhein-Westfalen,DE-NW,,,,nein
D,EW,Barnim,EbersWalde,Brandenburg,DE-BB,,,,nein
D,F,"Frankfurt/Main, Stadt",Frankfurt,Hessen,DE-HE,,,,nein
D,FB,Wetteraukreis in Friedberg Hessen,FriedBerg,Hessen,DE-HE,,,,nein
D,FD,Fulda,FulDa,Hessen,DE-HE,,,,nein
D,FDB,Aichach-Friedberg,FrieDBerg,Bayern,DE-BY,,,,nein
D,FDS,Freudenstadt,FreuDenStadt,Baden-Württemberg,DE-BW,,,,nein
D,FEU,Ansbach,FEUchtwangen,Bayern,DE-BY,,,,nein
D,FF,"Frankfurt (Oder), Stadt",FrankFurt,Brandenburg,DE-BB,,,,nein
D,FFB,Fürstenfeldbruck,FürstenFeldBruck,Bayern,DE-BY,,,,nein
D,FG,Mittelsachsen,FreiberG,Sachsen,DE-SN,,,,nein
D,FI,Elbe-Elster,FInsterwalde,Brandenburg,DE-BB,,,,nein
D,FKB,Waldeck-Frankenberg,FranKenBerg,Hessen,DE-HE,,,,nein
D,FL,Flensburg,FLensburg,Schleswig-Holstein,DE-SH,,,,nein
D,FLÖ,Mittelsachsen,FLÖha,Sachsen,DE-SN,,,,nein
D,FN,Bodenseekreis,FriedrichshafeN,Baden-Württemberg,DE-BW,,,,nein
D,FO,Forchheim,FOrchheim,Bayern,DE-BY,,,,nein
D,FOR,Spree-Neiße,FORst,Brandenburg,DE-BB,,,,nein
D,FR,"Freiburg im Breisgau, Stadt, Breisgau-Hochschwarzwald",FReiburg,Baden-Württemberg,DE-BW,3,,,nein
D,FRG,Freyung-Grafenau,"FReyung, Grafenau",Bayern,DE-BY,,,,nein
D,FRI,Friesland,FRIesland,Niedersachsen,DE-NI,,,,nein
D,FRW,Märkisch-Oderland,FReienWalde,Brandenburg,DE-BB,,,,nein
D,FS,"Freising, Moosburg",FreiSing,Bayern,DE-BY,3,,,nein
D,FT,"Frankenthal (Pfalz), Stadt",FrankenThal,Rheinland-Pfalz,DE-RP,,"auslaufend Kreis, Abwicklung: Zulassungsbehörde Bad Dürkheim und Rhein-Pfalz-Kreis",,nein
D,FTL,Sächsische Schweiz-Osterzgebirge,FreiTaL,Sachsen,DE-SN,,,,nein
D,FW,Oder-Spree,FürstenWalde,Brandenburg,DE-BB,,,,nein
D,FZ,Schwalm-Eder-Kreis,FritZlar,Hessen,DE-HE,,,,nein
D,FÜ,Fürth,FÜrth,Bayern,DE-BY,1,,,nein
D,FÜS,Ostallgäu,FÜSsen,Bayern,DE-BY,,,,nein
D,G,"Gera, Stadt",Gera,Thüringen,DE-TH,,"auslaufend Kreis, Abwicklung: Zulassungsbehörde Greiz",,nein
D,GA,Altmarkkreis Salzwedel,GArdelegen,Sachsen-Anhalt,DE-ST,,,,nein
D,GAN,Northeim,GANdersheim,Niedersachsen,DE-NI,,,,nein
D,GAP,Garmisch-Partenkirchen,GArmisch-Partenkirchen,Bayern,DE-BY,,,,nein
D,GC,Zwickau,GlauChau,Sachsen,DE-SN,,,,nein
D,GD,Ostalbkreis,GmünD,Baden-Württemberg,DE-BW,,,,nein
D,GDB,Nordwestmecklenburg,GaDeBusch,Mecklenburg-Vorpommern,DE-MV,,,,nein
D,GE,"Gelsenkirchen, Stadt",GElsenkirchen,Nordrhein-Westfalen,DE-NW,,,,nein
D,GEL,Kleve,GELdern,Nordrhein-Westfalen,DE-NW,,,,nein
D,GEO,"Haßberge, Schweinfurt",GErOlzhofen,Bayern,DE-BY,3,,,nein
D,GER,Germersheim,GERmersheim,Rheinland-Pfalz,DE-RP,,,,nein
D,GF,Gifhorn,GiFhorn,Niedersachsen,DE-NI,,,,nein
D,GG,Groß-Gerau,Groß-Gerau,Hessen,DE-HE,,,,nein
D,GHA,Leipzig,GeitHAin,Sachsen,DE-SN,,,,nein
D,GHC,Wittenberg,GräfenHainiChen,Sachsen-Anhalt,DE-ST,,,,nein
D,GI,Gießen,GIeßen,Hessen,DE-HE,,,,nein
D,GK,Heinsberg,GeilenKirchen,Nordrhein-Westfalen,DE-NW,,,,nein
D,GL,Rheinisch-Bergischer Kreis,GLadbach,Nordrhein-Westfalen,DE-NW,,,,nein
D,GLA,Recklinghausen,GLAdbeck,Nordrhein-Westfalen,DE-NW,,,,nein
D,GM,Oberbergischer Kreis,GumMersbach,Nordrhein-Westfalen,DE-NW,,,,nein
D,GMN,Vorpommern-Rügen,GrimMeN,Mecklenburg-Vorpommern,DE-MV,,,,nein
D,GN,Main-Kinzig-Kreis,GelnhauseN,Hessen,DE-HE,,,,nein
D,GNT,Jerichower Land,GeNThin,Sachsen-Anhalt,DE-ST,,,,nein
D,GOA,Rhein-Hunsrück-Kreis,Sankt GOAr,Rheinland-Pfalz,DE-RP,,,,nein
D,GOH,Rhein-Lahn-Kreis,Sankt GOarsHausen,Rheinland-Pfalz,DE-RP,,,,nein
D,GP,Göppingen,GöpPingen,Baden-Württemberg,DE-BW,,,,nein
D,GR,Görlitz,GöRlitz,Sachsen,DE-SN,,,,nein
D,GRA,Freyung-Grafenau,GRAfenau,Bayern,DE-BY,,,,nein
D,GRH,Meißen,GRoßenHain,Sachsen,DE-SN,,,,nein
D,GRI,Rottal-Inn,GRIesbach,Bayern,DE-BY,,,,nein
D,GRM,Leipzig,GRimMa,Sachsen,DE-SN,,,,nein
D,GRZ,Greiz,GReiZ,Thüringen,DE-TH,,,,nein
D,GS,Goslar,GoSlar,Niedersachsen,DE-NI,,,,nein
D,GT,Gütersloh,GüTersloh,Nordrhein-Westfalen,DE-NW,,,,nein
D,GTH,Gotha,GoTHa,Thüringen,DE-TH,,,,nein
D,GUB,Spree-Neiße,GUBen,Brandenburg,DE-BB,,,,nein
D,GUN,Weißenburg-Gunzenhausen,GUNzenhausen,Bayern,DE-BY,,,,nein
D,GV,Rhein-Kreis Neuss,GreVenbroich,Nordrhein-Westfalen,DE-NW,,,,nein
D,GVM,Nordwestmecklenburg,GreVesMühlen,Mecklenburg-Vorpommern,DE-MV,,,,nein
D,GW,Vorpommern-Greifswald,GreifsWald,Mecklenburg-Vorpommern,DE-MV,,,,nein
D,GZ,Günzburg,GünZburg,Bayern,DE-BY,,,,nein
D,GÖ,Göttingen,GÖttingen,Niedersachsen,DE-NI,1,,,nein
D,GÜ,Landkreis Rostock,GÜstrow,Mecklenburg-Vorpommern,DE-MV,,,,nein
D,H,Hannover,Hannover,Niedersachsen,DE-NI,1,,,nein
D,HA,"Hagen, Stadt",HAgen,Nordrhein-Westfalen,DE-NW,,,,nein
D,HAB,Bad Kissingen,HAmmelBurg,Bayern,DE-BY,,,,nein
D,HAL,"Halle, Stadt",HALle,Sachsen-Anhalt,DE-ST,,,,nein
D,HAM,"Hamm, Stadt",HAMm,Nordrhein-Westfalen,DE-NW,,,,nein
D,HAS,Haßberge,HASsfurt,Bayern,DE-BY,,,,nein
D,HB,Freie Hansestadt Bremen,Hansestadt Bremen,Bremen,DE-HB,1,,,nein
D,HBN,Hildburghausen,HildBurghauseN,Thüringen,DE-TH,,,,nein
D,HBS,Harz,HalBerStadt,Sachsen-Anhalt,DE-ST,,,,nein
D,HC,Mittelsachsen,HainiChen,Sachsen,DE-SN,,,,nein
D,HCH,"Freudenstadt, Zollernalbkreis",HeCHingen,Baden-Württemberg,DE-BW,3,,,nein
D,HD,"Heidelberg, Stadt, Rhein-Neckar-, Kreis",HeiDelberg,Baden-Württemberg,DE-BW,3,,,nein
D,HDH,Heidenheim,HeiDenHeim,Baden-Württemberg,DE-BW,,,,nein
D,HDL,Börde,HalDensLeben,Sachsen-Anhalt,DE-ST,,,,nein
D,HE,Helmstedt,HElmstedt,Niedersachsen,DE-NI,,,,nein
D,HEB,Nürnberger Land,HErsBruck,Bayern,DE-BY,,,,nein
D,HEF,Hersfeld-Rotenburg,HErsFeld,Hessen,DE-HE,,,,nein
D,HEI,Dithmarschen,HEIde,Schleswig-Holstein,DE-SH,,,,nein
D,HER,"Herne, Stadt",HERne,Nordrhein-Westfalen,DE-NW,,,,nein
D,HET,Mansfeld-Südharz,HETtstedt,Sachsen-Anhalt,DE-ST,,,,nein
D,HF,Herford,HerFord,Nordrhein-Westfalen,DE-NW,,,,nein
D,HG,Hochtaunuskreis,HomburG,Hessen,DE-HE,,,,nein
D,HGN,Ludwigslust-Parchim,HaGeNow,Mecklenburg-Vorpommern,DE-MV,,,,nein
D,HGW,Hansestadt Greifswald,Hansestadt GreifsWald,Mecklenburg-Vorpommern,DE-MV,,,,nein
D,HH,Freie und Hansestadt Hamburg,Hansestadt Hamburg,Hamburg,DE-HH,,,,nein
D,HHM,Burgenlandkreis,HoHenMölsen,Sachsen-Anhalt,DE-ST,,,,nein
D,HI,Hildesheim,HIldesheim,Niedersachsen,DE-NI,,,,nein
D,HIG,Eichsfeld,HeilIGenstadt,Thüringen,DE-TH,,,,nein
D,HIP,Roth,HIlPoltstein,Bayern,DE-BY,,,,nein
D,HK,Heidekreis,HeideKreis,Niedersachsen,DE-NI,,,,nein
D,HL,Hansestadt Lübeck,Hansestadt Lübeck,Schleswig-Holstein,DE-SH,,,,nein
D,HM,Hameln-Pyrmont,HaMeln,Niedersachsen,DE-NI,,,,nein
D,HMÜ,Göttingen,Hann. MÜnden,Niedersachsen,DE-NI,,,,nein
D,HN,Heilbronn,HeilbronN,Baden-Württemberg,DE-BW,1,,,nein
D,HO,Hof,HOf,Bayern,DE-BY,1,,,nein
D,HOG,Kassel,HOfGeismar,Hessen,DE-HE,,,,nein
D,HOH,Haßberge,HOfHeim,Bayern,DE-BY,,,,nein
D,HOL,Holzminden,HOLzminden,Niedersachsen,DE-NI,,,,nein
D,HOM,Saarpfalz-Kreis außer Stadt St. Ingbert (IGB),HOMburg,Saarland,DE-SL,,,,nein
D,HOR,Freudenstadt,HORb,Baden-Württemberg,DE-BW,,,,nein
D,HOT,Zwickau,HOhensTein,Sachsen,DE-SN,,,,nein
D,HP,Bergstraße,HepPenheim,Hessen,DE-HE,,,,nein
D,HR,Schwalm-Eder-Kreis,HombeRg,Hessen,DE-HE,,,,nein
D,HRO,Hansestadt Rostock,Hansestadt ROstock,Mecklenburg-Vorpommern,DE-MV,,,,nein
D,HS,Heinsberg,HeinSberg,Nordrhein-Westfalen,DE-NW,,,,nein
D,HSK,Hochsauerlandkreis,HochSauerlandKreis,Nordrhein-Westfalen,DE-NW,,,,nein
D,HST,"Hansestadt Stralsund, Stadt",Hansestadt STralsund,Mecklenburg-Vorpommern,DE-MV,1,"auslaufend Kreis, Abwicklung: Zulassungsbehörde Vorpommern-Rügen",,nein
D,HU,"Hanau, Main-Kinzig-Kreis",HanaU,Hessen,DE-HE,2,,,nein
D,HV,Stendal,HaVelberg,Sachsen-Anhalt,DE-ST,,,,nein
D,HVL,Havelland,HaVelLand,Brandenburg,DE-BB,,,,nein
D,HWI,Hansestadt Wismar,Hansestadt WIsmar,Mecklenburg-Vorpommern,DE-MV,,,,nein
D,HX,Höxter,HöXter,Nordrhein-Westfalen,DE-NW,,,,nein
D,HY,Bautzen,HoYerswerda,Sachsen,DE-SN,,,,nein
D,HZ,Harz,HarZ,Sachsen-Anhalt,DE-ST,,,,nein
D,HÖS,Erlangen-Höchstadt,HÖchStadt,Bayern,DE-BY,,,,nein
D,IGB,"St. Ingbert, Stadt",InGBert,Saarland,DE-SL,,,,nein
D,IK,Ilm-Kreis,Ilm-Kreis,Thüringen,DE-TH,,,,nein
D,IL,Ilm-Kreis,ILmenau,Thüringen,DE-TH,,,,nein
D,ILL,Neu-Ulm,ILLertissen,Bayern,DE-BY,,,,nein
D,IN,"Ingolstadt, Stadt",INgolstadt,Bayern,DE-BY,,"auslaufend Kreis, Abwicklung: Zulassungsbehörde Eichstätt",,nein
D,IZ,Steinburg,ItZehoe,Schleswig-Holstein,DE-SH,,,,nein
D,J,"Jena, Stadt",Jena,Thüringen,DE-TH,,"auslaufend Kreis, Abwicklung: Zulassungsbehörde Saale-Holzland-Kreis",,nein
D,JE,Wittenberg,JEssen,Sachsen-Anhalt,DE-ST,,,,nein
D,JL,Jerichower Land,Jerichower Land,Sachsen-Anhalt,DE-ST,,,,nein
D,JÜL,Düren,JÜLich,Nordrhein-Westfalen,DE-NW,,,,nein
D,K,"Köln, Stadt",Köln,Nordrhein-Westfalen,DE-NW,,,,nein
D,KA,Karlsruhe,KArlsruhe,Baden-Württemberg,DE-BW,1,,,nein
D,KB,Waldeck-Frankenberg,KorBach,Hessen,DE-HE,,,,nein
D,KC,Kronach,KronaCh,Bayern,DE-BY,,,,nein
D,KE,"Kempten (Allgäu), Stadt",KEmpten,Bayern,DE-BY,1,"auslaufend Kreis, Abwicklung: Zulassungsbehörde Oberallgäu",,nein
D,KEH,Kelheim,KElHeim,Bayern,DE-BY,,,,nein
D,KEL,Ortenaukreis,KEhL,Baden-Württemberg,DE-BW,,,,nein
D,KEM,"Bayreuth, Tirschenreuth",KEMnath,Bayern,DE-BY,3,,,nein
D,KF,"Kaufbeuren, Stadt",KauFbeuren,Bayern,DE-BY,,"auslaufend Kreis, Abwicklung: Zulassungsbehörde Ostallgäu",,nein
D,KG,Bad Kissingen,KissinGen,Bayern,DE-BY,,,,nein
D,KH,Bad Kreuznach,KreuznacH,Rheinland-Pfalz,DE-RP,,,,nein
D,KI,Kiel,KIel,Schleswig-Holstein,DE-SH,,,,nein
D,KIB,Donnersbergkreis,KIrchheimBolanden,Rheinland-Pfalz,DE-RP,,,,nein
D,KK,Viersen,"Kempen, Krefeld",Nordrhein-Westfalen,DE-NW,,,,nein
D,KL,Kaiserslautern,KaisersLautern,Rheinland-Pfalz,DE-RP,,,,nein
D,KLE,Kleve,KLEve,Nordrhein-Westfalen,DE-NW,,,,nein
D,KLZ,Altmarkkreis Salzwedel,KLötZe,Sachsen-Anhalt,DE-ST,,,,nein
D,KM,Bautzen,KaMenz,Sachsen,DE-SN,,,,nein
D,KN,Konstanz,KoNstanz,Baden-Württemberg,DE-BW,,,,nein
D,KO,"Koblenz, Stadt",KOblenz,Rheinland-Pfalz,DE-RP,,"auslaufend Kreis, Abwicklung: Zulassungsbehörde Kreis Mayen-Koblenz",,nein
D,KR,"Krefeld, Stadt",KRefeld,Nordrhein-Westfalen,DE-NW,,,,nein
D,KRU,Günzburg,KRUmbach,Bayern,DE-BY,,,,nein
D,KS,Kassel,KasSel,Hessen,DE-HE,3,,,nein
D,KT,Kitzingen,KiTzingen,Bayern,DE-BY,,,,nein
D,KU,Kulmbach,KUlmbach,Bayern,DE-BY,,,,nein
D,KUS,Kusel,KUSel,Rheinland-Pfalz,DE-RP,,,,nein
D,KW,Dahme-Spreewald,Königs Wusterhausen,Brandenburg,DE-BB,,,,nein
D,KY,Ostprignitz-Ruppin,KYritz,Brandenburg,DE-BB,,,,nein
D,KYF,Kyffhäuserkreis,KYFfhäuser,Thüringen,DE-TH,,,,nein
D,KÖN,Rhön-Grabfeld,KÖNigshofen,Bayern,DE-BY,,,,nein
D,KÖT,Anhalt-Bitterfeld,KÖThen,Sachsen-Anhalt,DE-ST,,,,nein
D,KÖZ,Cham,KÖtZting,Bayern,DE-BY,,,,nein
D,KÜN,Hohenlohekreis,KÜNzelsau,Baden-Württemberg,DE-BW,,,,nein
D,L,Leipzig,Leipzig,Sachsen,DE-SN,1,,,nein
D,LA,Landshut,LAndshut,Bayern,DE-BY,1,,,nein
D,LAN,Dingolfing-Landau,LANdau,Bayern,DE-BY,,,,nein
D,LAU,Nürnberger Land,LAUf,Bayern,DE-BY,,,,nein
D,LB,Ludwigsburg,LudwigsBurg,Baden-Württemberg,DE-BW,,,,nein
D,LBS,Saale-Orla-Kreis,LoBenStein,Thüringen,DE-TH,,,,nein
D,LBZ,Ludwigslust-Parchim,LüBZ,Mecklenburg-Vorpommern,DE-MV,,,,nein
D,LC,Dahme-Spreewald,LuCkau,Brandenburg,DE-BB,,,,nein
D,LD,"Landau in der Pfalz, Stadt",LanDau,Rheinland-Pfalz,DE-RP,,"auslaufend Kreis, Abwicklung: Zulassungsbehörde Kreis Südliche Weinstraße",,nein
D,LDK,"Lahn-Dill-Kreis in Wetzlar, Kreis",Lahn-Dill-Kreis,Hessen,DE-HE,,,,nein
D,LDS,Dahme-Spreewald,Landkreis Dahme-Spreewald,Brandenburg,DE-BB,,,,nein
D,LEO,Böblingen,LEOnberg,Baden-Württemberg,DE-BW,,,,nein
D,LER,Leer,LEeR,Niedersachsen,DE-NI,,,,nein
D,LEV,"Leverkusen, Stadt",LEVerkusen,Nordrhein-Westfalen,DE-NW,,,,nein
D,LF,"Altötting, Berchtesgadener Land,Traunstein",LauFen,Bayern,DE-BY,3,,,nein
D,LG,Lüneburg,LüneburG,Niedersachsen,DE-NI,,,,nein
D,LH,"Coesfeld, Unna",LüdingHausen,Nordrhein-Westfalen,DE-NW,3,,,nein
D,LI,Lindau (Bodensee),LIndau,Bayern,DE-BY,,,,nein
D,LIB,Elbe-Elster,LIeBenwerda,Brandenburg,DE-BB,,,,nein
D,LIF,Lichtenfels,LIchtenFels,Bayern,DE-BY,,,,nein
D,LIP,Lippe,LIPpe,Nordrhein-Westfalen,DE-NW,,,,nein
D,LL,Landsberg am Lech,Landsberg am Lech,Bayern,DE-BY,,,,nein
D,LM,Limburg-Weilburg,LiMburg,Hessen,DE-HE,,,,nein
D,LN,Dahme-Spreewald,LübbeN,Brandenburg,DE-BB,,,,nein
D,LOS,Oder-Spree,Landkreis Oder-Spree,Brandenburg,DE-BB,,,,nein
D,LP,Soest,LiPpstadt,Nordrhein-Westfalen,DE-NW,,,,nein
D,LR,Ortenaukreis,LahR,Baden-Württemberg,DE-BW,,,,nein
D,LRO,"Rostock, Landkreis",Landkreis ROstock,Mecklenburg-Vorpommern,DE-MV,,,,nein
D,LSZ,Unstrut-Hainich-Kreis,LangenSalZa,Thüringen,DE-TH,,,,nein
D,LU,Ludwigshafen am Rhein,LUdwigshafen,Rheinland-Pfalz,DE-RP,,"auslaufend Kreis, Abwicklung: Zulassungsbehörde Rheinland-Pfalz-Kreis",,nein
D,LUP,Ludwigslust-Parchim,"LUdwigslust, Parchim",Mecklenburg-Vorpommern,DE-MV,,,,nein
D,LWL,Ludwigslust-Parchim,LudWigsLust,Mecklenburg-Vorpommern,DE-MV,,,,nein
D,LÖ,Lörrach,LÖrrach,Baden-Württemberg,DE-BW,,,,nein
D,LÖB,Görlitz,LÖBau,Sachsen,DE-SN,,,,nein
D,LÜN,Unna,LÜNen,Nordrhein-Westfalen,DE-NW,,,,nein
D,M,München,München,Bayern,DE-BY,1,,,nein
D,MA,"Mannheim, Stadt",MAnnheim,Baden-Württemberg,DE-BW,,"auslaufend Kreis, Abwicklung: Zulassungsbehörde Rhein-Neckar-Kreis",,nein
D,MAB,Erzgebirgskreis,MArienBerg,Sachsen,DE-SN,,,,nein
D,MAI,"Kelheim, Landshut",MAInburg,Bayern,DE-BY,3,,,nein
D,MAK,Wunsiedel i. Fichtelgebirge,MArKtredwitz,Bayern,DE-BY,,,,nein
D,MAL,Landshut Straubing-Bogen,MALlersdorf,Bayern,DE-BY,3,,,nein
D,MB,Miesbach,MiesBach,Bayern,DE-BY,,,,nein
D,MC,Mecklenburgische Seenplatte,MalChin,Mecklenburg-Vorpommern,DE-MV,,,,nein
D,MD,"Magdeburg, Stadt",MagDeburg,Sachsen-Anhalt,DE-ST,,,,nein
D,ME,Mettmann,MEttmann,Nordrhein-Westfalen,DE-NW,,,,nein
D,MED,Dithmarschen,MElDorf,Schleswig-Holstein,DE-SH,,,,nein
D,MEG,Schwalm-Eder-Kreis,MElsunGen,Hessen,DE-HE,,,,nein
D,MEI,Meißen,MEIßen,Sachsen,DE-SN,,,,nein
D,MEK,Erzgebirgskreis,Mittlerer ErzgebirgsKreis,Sachsen,DE-SN,,,,nein
D,MEL,Osnabrück,MELle,Niedersachsen,DE-NI,,,,nein
D,MER,Saalekreis,MERseburg,Sachsen-Anhalt,DE-ST,,,,nein
D,MET,Rhön-Grabfeld,MEllrichstadT,Bayern,DE-BY,,,,nein
D,MG,"Mönchengladbach, Stadt",MönchenGladbach,Nordrhein-Westfalen,DE-NW,,,,nein
D,MGH,Main-Tauber-Kreis,MerGentHeim,Baden-Württemberg,DE-BW,,,,nein
D,MGN,Schmalkalden-Meiningen,MeininGeN,Thüringen,DE-TH,,,,nein
D,MH,"Mülheim an der Ruhr, Stadt",MülHeim,Nordrhein-Westfalen,DE-NW,,,,nein
D,MHL,Unstrut-Hainich-Kreis,MüHLhausen,Thüringen,DE-TH,,,,nein
D,MI,Minden-Lübbecke,MInden,Nordrhein-Westfalen,DE-NW,,,,nein
D,MIL,Miltenberg,MILtenberg,Bayern,DE-BY,,,,nein
D,MK,Märkischer Kreis,Märkischer Kreis,Nordrhein-Westfalen,DE-NW,,,,nein
D,MKK,Main-Kinzig-Kreis,Main-Kinzig-Kreis,Hessen,DE-HE,,,,nein
D,ML,Mansfeld-Südharz,Mansfelder Land,Sachsen-Anhalt,DE-ST,,,,nein
D,MM,"Memmingen, Stadt",MemMingen,Bayern,DE-BY,1,"auslaufend Kreis, Abwicklung: Zulassungsbehörde Unterallgäu",,nein
D,MN,Unterallgäu,MiNdelheim,Bayern,DE-BY,,,,nein
D,MO,Wesel,MOers,Nordrhein-Westfalen,DE-NW,,,,nein
D,MOD,Ostallgäu,MarktOberDorf,Bayern,DE-BY,,,,nein
D,MOL,Märkisch-Oderland,Märkisch-OderLand,Brandenburg,DE-BB,,,,nein
D,MON,"Aachen, Düren",MONschau,Nordrhein-Westfalen,DE-NW,3,,,nein
D,MOS,Neckar-Odenwald-Kreis,MOSbach,Baden-Württemberg,DE-BW,,,,nein
D,MQ,Saalekreis,"Merseburg, Querfurt",Sachsen-Anhalt,DE-ST,,,,nein
D,MR,Marburg-Biedenkopf,MaRburg,Hessen,DE-HE,,,,nein
D,MS,"Münster, Stadt",MünSter,Nordrhein-Westfalen,DE-NW,,,,nein
D,MSE,Mecklenburgische Seenplatte,Mecklenburgische SEenplatte,Mecklenburg-Vorpommern,DE-MV,,,,nein
D,MSH,Mansfeld-Südharz,"Mansfeld, SüdHarz",Sachsen-Anhalt,DE-ST,,,,nein
D,MSP,Main-Spessart,"Main, SPessart",Bayern,DE-BY,,,,nein
D,MST,Mecklenburgische Seenplatte,Mecklenburg-STrelitz,Mecklenburg-Vorpommern,DE-MV,,,,nein
D,MTK,Main-Taunus-Kreis,Main-Taunus-Kreis,Hessen,DE-HE,,,,nein
D,MTL,Leipzig,MuldenTaL,Sachsen,DE-SN,,,,nein
D,MUC,"München, Stadt",MUenChen,Bayern,DE-BY,,,,nein
D,MW,Mittelsachsen,MittWeida,Sachsen,DE-SN,,,,nein
D,MY,Mayen-Koblenz,MaYen,Rheinland-Pfalz,DE-RP,,,,nein
D,MYK,Mayen-Koblenz,"MaYen, Koblenz",Rheinland-Pfalz,DE-RP,,,,nein
D,MZ,Mainz,MainZ,Rheinland-Pfalz,DE-RP,1,,,nein
D,MZG,Merzig-Wadern,MerZiG,Saarland,DE-SL,,,,nein
D,MÜ,Mühldorf am Inn,MÜhldorf,Bayern,DE-BY,,,,nein
D,MÜB,"Bayreuth, Hof",MÜnchBerg,Bayern,DE-BY,3,,,nein
D,MÜL,Breisgau-Hochschwarzwald,MÜLlheim,Baden-Württemberg,DE-BW,,,,nein
D,MÜR,Mecklenburgische Seenplatte,MÜRitz,Mecklenburg-Vorpommern,DE-MV,,,,nein
D,N,"Nürnberg Stadt, Nürnberger Land",Nürnberg,Bayern,DE-BY,3,,,nein
D,NAB,"Amberg-Sulzbach, Schwandorf",NABburg,Bayern,DE-BY,3,,,nein
D,NAI,Hof,NAIla,Bayern,DE-BY,,,,nein
D,NAU,Havelland,NAUen,Brandenburg,DE-BB,,,,nein
D,NB,"Neubrandenburg, Stadt",NeuBrandenburg,Mecklenburg-Vorpommern,DE-MV,1,"auslaufend Kreis, Abwicklung: Zulassungsbehörde Mecklenburg-Strelitz",,nein
D,ND,Neuburg-Schrobenhausen,Neuburg an der Donau,Bayern,DE-BY,,,,nein
D,NDH,Nordhausen,NorDHausen,Thüringen,DE-TH,,,,nein
D,NE,Rhein-Kreis Neuss,NEuss,Nordrhein-Westfalen,DE-NW,,,,nein
D,NEA,Neustadt an der Aisch-Bad Winsheim,NEustadt an der Aisch,Bayern,DE-BY,,,,nein
D,NEB,Burgenlandkreis,NEBra,Sachsen-Anhalt,DE-ST,,,,nein
D,NEC,"Zulassungsstelle Coburg, Zweckverband",NEustadt bei Coburg,Bayern,DE-BY,,,,nein
D,NEN,Schwandorf,NEuNburg,Bayern,DE-BY,,,,nein
D,NES,Rhön-Grabfeld,NEustadt an der Saale,Bayern,DE-BY,,,,nein
D,NEU,Breisgau-Hochschwarzwald,NEUstadt,Baden-Württemberg,DE-BW,,,,nein
D,NEW,Neustadt an der Waldnaab,NEustadt an der Waldnaab,Bayern,DE-BY,,,,nein
D,NF,Nordfriesland,NordFriesland,Schleswig-Holstein,DE-SH,,,,nein
D,NH,Sonneberg,NeuHaus,Thüringen,DE-TH,,,,nein
D,NI,Nienburg (Weser),NIenburg,Niedersachsen,DE-NI,,,,nein
D,NK,Neunkirchen Saar,NeunKirchen,Saarland,DE-SL,,,,nein
D,NM,Neumarkt in der Oberpfalz,NeuMarkt,Bayern,DE-BY,,,,nein
D,NMB,Burgenlandkreis,NauMBurg,Sachsen-Anhalt,DE-ST,,,,nein
D,NMS,Neumünster,NeuMünSter,Schleswig-Holstein,DE-SH,,,,nein
D,NOH,Grafschaft Bentheim,NOrdHorn,Niedersachsen,DE-NI,,,,nein
D,NOL,Görlitz,Niederschlesische OberLausitz,Sachsen,DE-SN,,,,nein
D,NOM,Northeim,NOrtheiM,Niedersachsen,DE-NI,,,,nein
D,NOR,Aurich,NORden,Niedersachsen,DE-NI,,,,nein
D,NP,Ostprignitz-Ruppin,NeurupPin,Brandenburg,DE-BB,,,,nein
D,NR,Neuwied,Neuwied am Rhein,Rheinland-Pfalz,DE-RP,,,,nein
D,NT,Esslingen,NürTingen,Baden-Württemberg,DE-BW,,,,nein
D,NU,Neu-Ulm,Neu-Ulm,Bayern,DE-BY,,,,nein
D,NVP,Vorpommern-Rügen,NordVorPommern,Mecklenburg-Vorpommern,DE-MV,,,,nein
D,NW,Neustadt an der Weinstraße,Neustadt an der Weinstraße,Rheinland-Pfalz,DE-RP,,"auslaufend Kreis, Abwicklung: Zulassungsbehörde Bad Dürkheim",,nein
D,NWM,Nordwestmecklenburg,NordWestMecklenburg,Mecklenburg-Vorpommern,DE-MV,,,,nein
D,NY,Görlitz,NieskY,Sachsen,DE-SN,,,,nein
D,NZ,Mecklenburgische Seenplatte,NeustrelitZ,Mecklenburg-Vorpommern,DE-MV,,,,nein
D,NÖ,Donau-Ries,NÖrdlingen,Bayern,DE-BY,,,,nein
D,OA,Oberallgäu,OberAllgäu,Bayern,DE-BY,,,,nein
D,OAL,Ostallgäu,OstALlgäu,Bayern,DE-BY,,,,nein
D,OB,"Oberhausen, Stadt",OBerhausen,Nordrhein-Westfalen,DE-NW,,,,nein
D,OBB,Miltenberg,OBernBurg,Bayern,DE-BY,,,,nein
D,OBG,Stendal,OsterBurG,Sachsen-Anhalt,DE-ST,,,,nein
D,OC,Börde,OsChersleben,Sachsen-Anhalt,DE-ST,,,,nein
D,OCH,Würzburg,OCHsenfurt,Bayern,DE-BY,,,,nein
D,OD,Stormarn,OlDesloe,Schleswig-Holstein,DE-SH,,,,nein
D,OE,Olpe,OlpE,Nordrhein-Westfalen,DE-NW,,,,nein
D,OF,Offenbach am Main,OFfenbach,Hessen,DE-HE,2,,,nein
D,OG,Ortenaukreis,OffenburG,Baden-Württemberg,DE-BW,,,,nein
D,OH,Ostholstein,OstHolstein,Schleswig-Holstein,DE-SH,,,,nein
D,OHA,Göttingen,Osterode am HArz,Niedersachsen,DE-NI,,,,nein
D,OHV,Oberhavel,OberHaVel,Brandenburg,DE-BB,,,,nein
D,OHZ,Osterholz,OsterHolZ,Niedersachsen,DE-NI,,,,nein
D,OK,Börde,OhreKreis,Sachsen-Anhalt,DE-ST,,,,nein
D,OL,Oldenburg (Oldenburg),OLdenburg,Niedersachsen,DE-NI,1,,,nein
D,OP,"Leverkusen, Stadt",OPladen,Nordrhein-Westfalen,DE-NW,,,,nein
D,OPR,Ostprignitz-Ruppin,"OstPrignitz, Ruppin",Brandenburg,DE-BB,,,,nein
D,OS,Osnabrück,OSnabrück,Niedersachsen,DE-NI,1,,,nein
D,OSL,Oberspreewald-Lausitz,"OberSpreewald, Lausitz",Brandenburg,DE-BB,,,,nein
D,OTW,Neunkirchen,OTtWeiler,Saarland,DE-SL,,,,nein
D,OVI,Schwandorf,OberVIechtach,Bayern,DE-BY,,,,nein
D,OVL,Vogtlandkreis,OberVogtLand,Sachsen,DE-SN,,,,nein
D,OVP,Vorpommern-Greifswald,OstVorPommern,Mecklenburg-Vorpommern,DE-MV,,,,nein
D,OZ,Nordsachsen,OschatZ,Sachsen,DE-SN,,,,nein
D,P,"Potsdam, Stadt",Potsdam,Brandenburg,DE-BB,,"auslaufend Kreis, Abwicklung: Zulassungsbehörde Kreis Potsdam-Mittelmark",,nein
D,PA,Passau,PAssau,Bayern,DE-BY,1,,,nein
D,PAF,Pfaffenhofen a. d. Ilm,PfAFfenhofen,Bayern,DE-BY,,,,nein
D,PAN,Rottal-Inn,PfArrkircheN,Bayern,DE-BY,,,,nein
D,PAR,"Kehlheim, Neumarkt i. d. Opf.",PARsberg,Bayern,DE-BY,3,,,nein
D,PB,Paderborn,PaderBorn,Nordrhein-Westfalen,DE-NW,,,,nein
D,PCH,Ludwigslust-Parchim,ParCHim,Mecklenburg-Vorpommern,DE-MV,,,,nein
D,PE,Peine,PEine,Niedersachsen,DE-NI,,,,nein
D,PEG,"Bayreuth, Forchheim, Nürnberger Land",PEGnitz,Bayern,DE-BY,3,,,nein
D,PF,"Pforzheim, Stadt, Enzkreis",PForzheim,Baden-Württemberg,DE-BW,3,,,nein
D,PI,Pinneberg,PInneberg,Schleswig-Holstein,DE-SH,,,,nein
D,PIR,Sächsische Schweiz-Osterzgebirge,PIRna,Sachsen,DE-SN,,,,nein
D,PL,Vogtlandkreis,PLauen,Sachsen,DE-SN,,,,nein
D,PLÖ,Plön,PLÖn,Schleswig-Holstein,DE-SH,,,,nein
D,PM,Potsdam-Mittelmark,"Potsdam, Mittelmark",Brandenburg,DE-BB,,,,nein
D,PN,Saale-Orla-Kreis,PößNeck,Thüringen,DE-TH,,,,nein
D,PR,Prignitz,PRignitz,Brandenburg,DE-BB,,,,nein
D,PRÜ,Eifelkreis Bitburg-Prüm,PRÜm,Rheinland-Pfalz,DE-RP,,,,nein
D,PS,"Pirmasens, Stadt, Südwestpfalz",PirmaSens,Rheinland-Pfalz,DE-RP,3,,,nein
D,PW,Vorpommern-Greifswald,PaseWalk,Mecklenburg-Vorpommern,DE-MV,,,,nein
D,PZ,Uckermark,PrenZlau,Brandenburg,DE-BB,,,,nein
D,QFT,Saalekreis,QuerFurT,Sachsen-Anhalt,DE-ST,,,,nein
D,QLB,Harz,QuedLinBurg,Sachsen-Anhalt,DE-ST,,,,nein
D,R,Regensburg,Regensburg,Bayern,DE-BY,1,,,nein
D,RA,Rastat,RAstatt,Baden-Württemberg,DE-BW,,,,nein
D,RC,Vogtlandkreis,ReiChenbach,Sachsen,DE-SN,,,,nein
D,RD,Rendsburg-Eckernförde,RenDsburg,Schleswig-Holstein,DE-SH,,,,nein
D,RDG,Vorpommern-Rügen,Ribnitz-DamGarten,Mecklenburg-Vorpommern,DE-MV,,,,nein
D,RE,Recklinghausen,REcklinghausen,Nordrhein-Westfalen,DE-NW,,,,nein
D,REG,Regen,REGen,Bayern,DE-BY,,,,nein
D,REH,"Hof, Wunsiedel im Fichtelgebirge",REHau,Bayern,DE-BY,3,,,nein
D,REI,Berchtesgadener Land,REIchenhall,Bayern,DE-BY,,,,nein
D,RG,Meißen,"Riesa, Großenhain",Sachsen,DE-SN,,,,nein
D,RH,Roth,RotH,Bayern,DE-BY,,,,nein
D,RI,Schaumburg,RInteln,Niedersachsen,DE-NI,,,,nein
D,RID,Kelheim,RIeDenburg,Bayern,DE-BY,,,,nein
D,RIE,Meißen,RIEsa,Sachsen,DE-SN,,,,nein
D,RL,Mittelsachsen,RochLitz,Sachsen,DE-SN,,,,nein
D,RM,Mecklenburgische Seenplatte,Röbel/Müritz,Mecklenburg-Vorpommern,DE-MV,,,,nein
D,RN,Havelland,RatheNow,Brandenburg,DE-BB,,,,nein
D,RO,Rosenheim,ROsenheim,Bayern,DE-BY,1,,,nein
D,ROD,"Cham, Schwandorf",RODing,Bayern,DE-BY,3,,,nein
D,ROF,Hersfeld-Rotenburg,ROtenburg an der Fulda,Hessen,DE-HE,,,,nein
D,ROK,Donnersbergkreis,ROcKenhausen,Rheinland-Pfalz,DE-RP,,,,nein
D,ROL,"Kelheim, Landshut",ROttenburg an der Laaber,Bayern,DE-BY,3,,,nein
D,ROS,"Rostock, Landkreis",ROStock,Mecklenburg-Vorpommern,DE-MV,,,,nein
D,ROT,Ansbach,ROthenburg ob der Tauber,Bayern,DE-BY,,,,nein
D,ROW,Rotenburg (Wümme),ROtenburg (Wümme),Niedersachsen,DE-NI,,,,nein
D,RP,Rhein-Pfalz-Kreis,Rhein-Pfalz,Rheinland-Pfalz,DE-RP,,,,nein
D,RS,"Remscheid, Stadt",RemScheid,Nordrhein-Westfalen,DE-NW,,,,nein
D,RSL,"Dessau-Roßlau, Stadt",RosSLau,Sachsen-Anhalt,DE-ST,,,,nein
D,RT,Reutlingen,ReuTlingen,Baden-Württemberg,DE-BW,,,,nein
D,RU,Saalfeld-Rudolstadt,RUdolstadt,Thüringen,DE-TH,,,,nein
D,RV,Ravensburg,RaVensburg,Baden-Württemberg,DE-BW,,,,nein
D,RW,Rottweil,RottWeil,Baden-Württemberg,DE-BW,,,,nein
D,RZ,Herzogtum Lauenburg,RatZeburg,Schleswig-Holstein,DE-SH,,,,nein
D,RÜD,Rheingau-Taunus Kreis,RÜDesheim,Hessen,DE-HE,,,,nein
D,RÜG,Vorpommern-Rügen,RÜGen,Mecklenburg-Vorpommern,DE-MV,,,,nein
D,S,"Stuttgart, Stadt",Stuttgart,Baden-Württemberg,DE-BW,,,,nein
D,SAB,Trier-Saarburg,SAarBurg,Rheinland-Pfalz,DE-RP,,,,nein
D,SAD,Schwandorf,SchwAnDorf,Bayern,DE-BY,,,,nein
D,SAN,"Hof, Kronach, Kulmbach",StAdtsteiNach,Bayern,DE-BY,3,,,nein
D,SAW,Altmarkkreis Salzwedel,SAlzWedel,Sachsen-Anhalt,DE-ST,,,,nein
D,SB,"Saarbrücken, Stadt und Stadtverband außer Völklingen, Stadt (VK)",SaarBrücken,Saarland,DE-SL,,,,nein
D,SBG,Vorpommern-Greifswald,StrasBurG,Mecklenburg-Vorpommern,DE-MV,,,,nein
D,SBK,Salzlandkreis,SchöneBecK,Sachsen-Anhalt,DE-ST,,,,nein
D,SC,"Schwabach, Stadt",SChwabach,Bayern,DE-BY,,"auslaufend Kreis, Abwicklung: Zulassungsbehörde Roth",,nein
D,SCZ,Saale-Orla-Kreis,SChleiZ,Thüringen,DE-TH,,,,nein
D,SDH,Kyffhäuserkreis,SonDersHausen,Thüringen,DE-TH,,,,nein
D,SDL,Stendal,StenDaL,Sachsen-Anhalt,DE-ST,,,,nein
D,SDT,Uckermark,SchweDT,Brandenburg,DE-BB,,,,nein
D,SE,Segeberg,SEgeberg,Schleswig-Holstein,DE-SH,,,,nein
D,SEB,Sächsische Schweiz-Osterzgebirge,SEBnitz,Sachsen,DE-SN,,,,nein
D,SEE,Märkisch-Oderland,SEElow,Brandenburg,DE-BB,,,,nein
D,SEF,Neustadt a. d. Aisch-Bad Windsheim,SchEinFeld,Bayern,DE-BY,,,,nein
D,SEL,Wunsiedel i. Fichtelgebirge,SELb,Bayern,DE-BY,,,,nein
D,SFB,Oberspreewald-Lausitz,SenFtenBerg,Brandenburg,DE-BB,,,,nein
D,SFT,Salzlandkreis,StaßFurT,Sachsen-Anhalt,DE-ST,,,,nein
D,SG,"Solingen, Stadt",SolinGen,Nordrhein-Westfalen,DE-NW,,,,nein
D,SGH,Mansfeld-Südharz,SanGerHausen,Sachsen-Anhalt,DE-ST,,,,nein
D,SHA,Schwäbisch Hall,Schwäbisch HAll,Baden-Württemberg,DE-BW,,,,nein
D,SHG,Schaumburg,StadtHaGen,Niedersachsen,DE-NI,,,,nein
D,SHK,Saale-Holzland-Kreis,Saale-Holzland-Kreis,Thüringen,DE-TH,,,,nein
D,SHL,"Suhl, Stadt",SuHL,Thüringen,DE-TH,,"auslaufend Kreis, Abwicklung: Zulassungsbehörde Hildburghausen",,nein
D,SI,Siegen-Wittgenstein,SIegen,Nordrhein-Westfalen,DE-NW,,,,nein
D,SIG,Sigmaringen,SIGmaringen,Baden-Württemberg,DE-BW,,,,nein
D,SIM,Rhein-Hunsrück-Kreis,SIMmern,Rheinland-Pfalz,DE-RP,,,,nein
D,SK,Saalekreis,SaaleKreis,Sachsen-Anhalt,DE-ST,,,,nein
D,SL,Schleswig-Flensburg,SchLeswig,Schleswig-Holstein,DE-SH,,,,nein
D,SLE,"Düren, Euskirchen",SchLEiden,Nordrhein-Westfalen,DE-NW,3,,,nein
D,SLF,Saalfeld-Rudolstadt,SaaLFeld,Thüringen,DE-TH,,,,nein
D,SLG,"Ravensburg, Sigmaringen",SauLGau,Baden-Württemberg,DE-BW,3,,,nein
D,SLK,Salzlandkreis,SalzLandKreis,Sachsen-Anhalt,DE-ST,,,,nein
D,SLN,Altenburger Land,SchmölLN,Thüringen,DE-TH,,,,nein
D,SLS,Saarlouis,SaarLouiS,Saarland,DE-SL,,,,nein
D,SLZ,Wartburgkreis,SaLZungen,Thüringen,DE-TH,,,,nein
D,SLÜ,Main-Kinzig-Kreis,SchLÜchtern,Hessen,DE-HE,,,,nein
D,SM,Schmalkalden-Meiningen,SchMalkalden,Thüringen,DE-TH,,,,nein
D,SMÜ,Augsburg,SchwabMÜnchen,Bayern,DE-BY,,,,nein
D,SN,"Schwerin, Stadt",SchweriN,Mecklenburg-Vorpommern,DE-MV,1,"auslaufend Kreis, Abwicklung: Zulassungsbehörde Ludwiglust-Parchim",,nein
D,SO,Soest,SOest,Nordrhein-Westfalen,DE-NW,,,,nein
D,SOB,Neuburg-Schrobenhausen,SchrOBenhausen,Bayern,DE-BY,,,,nein
D,SOG,Weilheim-Schongau,SchOnGau,Bayern,DE-BY,,,,nein
D,SOK,Saale-Orla-Kreis,Saale-Orla-Kreis,Thüringen,DE-TH,,,,nein
D,SON,Sonneberg,SONneberg,Thüringen,DE-TH,,,,nein
D,SP,"Speyer, Stadt",SPeyer,Rheinland-Pfalz,DE-RP,,"auslaufend Kreis, Abwicklung: Zulassungsbehörde Rhein-Pfalz-Kreis",,nein
D,SPB,Spree-Neiße,SPremBerg,Brandenburg,DE-BB,,,,nein
D,SPN,Spree-Neiße,"SPree, Neiße",Brandenburg,DE-BB,,,,nein
D,SR,"Straubing, Straubing-Bogen",StRaubing,Bayern,DE-BY,1,,,nein
D,SRB,Märkisch-Oderland,StRausBerg,Brandenburg,DE-BB,,,,nein
D,SRO,Saale-Holzland-Kreis,StadtROda,Thüringen,DE-TH,,,,nein
D,ST,Steinfurt,STeinfurt,Nordrhein-Westfalen,DE-NW,,,,nein
D,STA,Starnberg,STArnberg,Bayern,DE-BY,,,,nein
D,STB,Ludwigslust-Parchim,STernBerg,Mecklenburg-Vorpommern,DE-MV,,,,nein
D,STD,Stade,STaDe,Niedersachsen,DE-NI,,,,nein
D,STE,Lichtenfels,STaffelstEin,Bayern,DE-BY,,,,nein
D,STL,Erzgebirgskreis,STolLberg,Sachsen,DE-SN,,,,nein
D,STO,"Konstanz, Sigmaringen",STOckach,Baden-Württemberg,DE-BW,3,,,nein
D,SU,Rhein-Sieg-Kreis,SiegbUrg,Nordrhein-Westfalen,DE-NW,,,,nein
D,SUL,Amberg-Sulzbach,SULzbach-Rosenberg,Bayern,DE-BY,,,,nein
D,SW,Schweinfurt,SchWeinfurt,Bayern,DE-BY,1,,,nein
D,SWA,Rheingau-Taunus-Kreis,SchWAlbach,Hessen,DE-HE,,,,nein
D,SY,Diepholz,SYke,Niedersachsen,DE-NI,,,,nein
D,SZ,"Salzgitter, Stadt",SalZgitter,Niedersachsen,DE-NI,,,,nein
D,SZB,Erzgebirgskreis,SchwarZenBerg,Sachsen,DE-SN,,,,nein
D,SÄK,Waldshut,SÄcKingen,Baden-Württemberg,DE-BW,,,,nein
D,SÖM,Sömmerda,SÖMmerda,Thüringen,DE-TH,,,,nein
D,SÜW,Südliche Weinstraße,SÜdliche Weinstraße,Rheinland-Pfalz,DE-RP,,,,nein
D,TBB,Main-Tauber-Kreis,TauBerBischofsheim,Baden-Württemberg,DE-BW,,,,nein
D,TDO,Nordsachsen,"Torgau, Delitzsch, Oschatz",Sachsen,DE-SN,,,,nein
D,TE,Steinfurt,TEcklenburg,Nordrhein-Westfalen,DE-NW,,,,nein
D,TET,"Rostock, Landkreis",TETerow,Mecklenburg-Vorpommern,DE-MV,,,,nein
D,TF,Teltow-Fläming,"Teltow, Fläming",Brandenburg,DE-BB,,,,nein
D,TG,Nordsachsen,TorGau,Sachsen,DE-SN,,,,nein
D,TIR,Tirschenreuth,TIRschenreuth,Bayern,DE-BY,,,,nein
D,TO,Nordsachsen,"Torgau, Oschatz",Sachsen,DE-SN,,,,nein
D,TP,Uckermark,TemPlin,Brandenburg,DE-BB,,,,nein
D,TR,"Trier, Stadt und Trier-Saarburg",TRier,Rheinland-Pfalz,DE-RP,,,,nein
D,TS,Traunstein,TraunStein,Bayern,DE-BY,,,,nein
D,TT,Bodenseekreis,TeTtnang,Baden-Württemberg,DE-BW,,,,nein
D,TUT,Tuttlingen,TUTtlingen,Baden-Württemberg,DE-BW,,,,nein
D,TÖL,Bad Tölz-Wolfratshausen,TÖLz,Bayern,DE-BY,,,,nein
D,TÜ,Tübingen,TÜbingen,Baden-Württemberg,DE-BW,,,,nein
D,UE,Uelzen,UElzen,Niedersachsen,DE-NI,,,,nein
D,UEM,Vorpommern-Greifswald,UEckerMünde,Mecklenburg-Vorpommern,DE-MV,,,,nein
D,UER,Vorpommern-Greifswald,UEcker-Randow,Mecklenburg-Vorpommern,DE-MV,,,,nein
D,UFF,Neustadt a. d. Aisch-Bad Windsheim,UFFenheim,Bayern,DE-BY,,,,nein
D,UH,Unstrut-Hainich-Kreis,"Unstrut, Hainich",Thüringen,DE-TH,,,,nein
D,UL,"Ulm, Stadt, Alb-Donaukreis",ULm,Baden-Württemberg,DE-BW,3,,,nein
D,UM,Uckermark,UckerMark,Brandenburg,DE-BB,,,,nein
D,UN,Unna,UNna,Nordrhein-Westfalen,DE-NW,,,,nein
D,USI,Hochtaunuskreis,USIngen,Hessen,DE-HE,,,,nein
D,V,Vogtlandkreis,Vogtland,Sachsen,DE-SN,,,,nein
D,VAI,Ludwigsburg,VAIhingen,Baden-Württemberg,DE-BW,,,,nein
D,VB,Vogelsbergkreis,VogelsBerg,Hessen,DE-HE,,,,nein
D,VEC,Vechta,VEChta,Niedersachsen,DE-NI,,,,nein
D,VER,Verden,VERden,Niedersachsen,DE-NI,,,,nein
D,VG,Vorpommern-Greifswald,"Vorpommern, Greifswald",Mecklenburg-Vorpommern,DE-MV,,,,nein
D,VIB,"Landshut, Rottal-Inn",VIlsBiburg,Bayern,DE-BY,3,,,nein
D,VIE,Viersen,VIErsen,Nordrhein-Westfalen,DE-NW,,,,nein
D,VIT,Regen,VIechTach,Bayern,DE-BY,,,,nein
D,VK,"Völklingen, Stadt",VölKlingen,Saarland,DE-SL,,,,nein
D,VOH,Neustadt a. d. Waldnaab,VOHenstrauß,Bayern,DE-BY,,,,nein
D,VR,Vorpommern-Rügen,"Vorpommern, Rügen",Mecklenburg-Vorpommern,DE-MV,,,,nein
D,VS,Schwarzwald-Baar-Kreis,Villingen-Schwenningen,Baden-Württemberg,DE-BW,,,,nein
D,W,"Wuppertal, Stadt",Wuppertal,Nordrhein-Westfalen,DE-NW,,,,nein
D,WA,Waldeck-Frankenberg,WAldeck,Hessen,DE-HE,,,,nein
D,WAF,Warendorf,WArendorF,Nordrhein-Westfalen,DE-NW,,,,nein
D,WAK,Wartburgkreis,WArtburgKreis,Thüringen,DE-TH,,,,nein
D,WAN,"Herne, Stadt",WANne,Nordrhein-Westfalen,DE-NW,,,,nein
D,WAR,Höxter,WARburg,Nordrhein-Westfalen,DE-NW,,,,nein
D,WAT,"Bochum, Stadt",WATtenscheid,Nordrhein-Westfalen,DE-NW,,,,nein
D,WB,Wittenberg,WittenBerg,Sachsen-Anhalt,DE-ST,,,,nein
D,WBG,"Wolfsburg, Stadt",WolfsBurG,Niedersachsen,DE-NI,,,,nein
D,WBS,Worbis,WorBiS,Thüringen,DE-TH,,,,nein
D,WDA,Werdau,WerDAu,Sachsen,DE-SN,,,,nein
D,WE,"Weimar, Stadt",WEimar,Thüringen,DE-TH,,"auslaufend Kreis, Abwicklung: Zulassungsbehörde Weimarer Land",,nein
D,WEL,Limburg-Weilburg,WEiLburg,Hessen,DE-HE,,,,nein
D,WEN,"Weiden in der Oberpfalz, Stadt",WEideN,Bayern,DE-BY,,,,nein
D,WER,"Augsburg, Dillingen a. d. Donau",WERtingen,Bayern,DE-BY,3,,,nein
D,WES,Wesel,WESel,Nordrhein-Westfalen,DE-NW,,,,nein
D,WF,Wolfenbüttel,WolFenbüttel,Niedersachsen,DE-NI,,,,nein
D,WG,Ravensburg,WanGen,Baden-Württemberg,DE-BW,,,,nein
D,WHV,"Wilhelmshaven, Stadt",WilhelmsHaVen,Niedersachsen,DE-NI,,,,nein
D,WI,"Wiesbaden, Stadt",WIesbaden,Hessen,DE-HE,,,,nein
D,WIL,Bernkastel-Wittlich,WIttLich,Rheinland-Pfalz,DE-RP,,,,nein
D,WIS,Nordwestmecklenburg,WISmar,Mecklenburg-Vorpommern,DE-MV,,,,nein
D,WIT,Ennepe-Ruhr-Kreis,WITten,Nordrhein-Westfalen,DE-NW,,,,nein
D,WIZ,Werra-Meißner-Kreis,WItZenhausen,Hessen,DE-HE,,,,nein
D,WK,Ostprignitz-Ruppin,WittstocK,Brandenburg,DE-BB,,,,nein
D,WL,Harburg,Winsen (Luhe),Niedersachsen,DE-NI,,,,nein
D,WLG,Vorpommern-Greifswald,WoLGast,Mecklenburg-Vorpommern,DE-MV,,,,nein
D,WM,Weilheim-Schongau,WeilheiM,Bayern,DE-BY,,,,nein
D,WMS,Börde,WolMirStedt,Sachsen-Anhalt,DE-ST,,,,nein
D,WN,Rems-Murr-Kreis,WaiblingeN,Baden-Württemberg,DE-BW,,,,nein
D,WND,St. Wendel,WeNDel,Saarland,DE-SL,,,,nein
D,WO,"Worms, Stadt",WOrms,Rheinland-Pfalz,DE-RP,,,,nein
D,WOB,"Wolfsburg, Stadt",WOlfsBurg,Niedersachsen,DE-NI,,,,nein
D,WOH,Kassel,WOlfHagen,Hessen,DE-HE,,,,nein
D,WOL,"Freudenstadt, Ortenaukreis",WOLfach,Baden-Württemberg,DE-BW,3,,,nein
D,WOR,"Bad Tölz-Wolfratshausen, München, Starnberg",WOlfRatshausen,Bayern,DE-BY,3,,,nein
D,WOS,Freyung-Grafenau,WOlfStein,Bayern,DE-BY,,,,nein
D,WR,Harz,WernigeRode,Sachsen-Anhalt,DE-ST,,,,nein
D,WRN,Mecklenburgische Seenplatte,WaReN,Mecklenburg-Vorpommern,DE-MV,,,,nein
D,WS,"Mühldorf am Inn, Rosenheim",WasSerburg,Bayern,DE-BY,3,,,nein
D,WSF,Burgenlandkreis,WeisSenFels,Sachsen-Anhalt,DE-ST,,,,nein
D,WST,Ammerland,WesterSTede,Niedersachsen,DE-NI,,,,nein
D,WSW,Görlitz,WeisSWasser,Sachsen,DE-SN,,,,nein
D,WT,Waldshut,WaldshuT,Baden-Württemberg,DE-BW,,,,nein
D,WTL,Osnabrück,WitTLage,Niedersachsen,DE-NI,,,,nein
D,WTM,Wittmund,WitTMund,Niedersachsen,DE-NI,,,,nein
D,WUG,Weißenburg-Gunzenhausen,WeißenbUrG,Bayern,DE-BY,,,,nein
D,WUN,Wunsiedel im Fichtelgebirge,WUNsiedel,Bayern,DE-BY,,,,nein
D,WUR,Leipzig,WURzen,Sachsen,DE-SN,,,,nein
D,WW,Westerwald,WesterWald,Rheinland-Pfalz,DE-RP,,,,nein
D,WZ,Lahn-Dill-Kreis,WetZlar,Hessen,DE-HE,,,,nein
D,WZL,Börde,WanZLeben,Sachsen-Anhalt,DE-ST,,,,nein
D,WÜ,Würzburg,WÜrzburg,Bayern,DE-BY,1,,,nein
D,WÜM,Cham,WaldMÜnchen,Bayern,DE-BY,,mit einem Buchstabendreher,,nein
D,Z,Zwickau,Zwickau,Sachsen,DE-SN,,,,nein
D,ZE,Anhalt-Bitterfeld,ZErbst,Sachsen-Anhalt,DE-ST,,,,nein
D,ZEL,Cochem-Zell,ZELl,Rheinland-Pfalz,DE-RP,,,,nein
D,ZI,Görlitz,ZIttau,Sachsen,DE-SN,,,,nein
D,ZIG,Schwalm-Eder-Kreis,ZIeGenhain,Hessen,DE-HE,,,,nein
D,ZP,Erzgebirgskreis,ZschoPau,Sachsen,DE-SN,,,,nein
D,ZR,Greiz,ZeulenRoda,Thüringen,DE-TH,,,,nein
D,ZW,"Südwestpfalz, Zweibrücken, Stadt",ZWeibrücken,Rheinland-Pfalz,DE-RP,3,,,nein
D,ZZ,Burgenlandkreis,ZeitZ,Sachsen-Anhalt,DE-ST,,,,nein
D,ÖHR,Hohenlohekreis,ÖHRingen,Baden-Württemberg,DE-BW,,,,nein
D,ÜB,"Ravensburg, Bodenseekreis, Sigmaringen",ÜBerlingen,Baden-Württemberg,DE-BW,3,,,nein